,RNTC,Tprobe,Tcalc,A,B,C,T1,R1,T2,R2,T3,R3
0,47457.12890625,24.18066,,,,,,,,,,
1,47457.12890625,24.18066,,,,,,,,,,
2,47457.12890625,24.18085,,,,,,,,,,
3,47457.12890625,24.18085,,,,,,,,,,
4,47457.12890625,24.18085,,,,,,,,,,
5,47457.12890625,24.18085,,,,,,,,,,
6,47457.12890625,24.18079,,,,,,,,,,
7,47457.12890625,24.18079,,,,,,,,,,
8,47457.12890625,24.18079,,,,,,,,,,
9,47457.12890625,24.18079,,,,,,,,,,
10,47457.12890625,24.18079,,,,,,,,,,
11,47643.052837573385,24.16681,,,,,,,,,,
12,47643.052837573385,24.15253,,,,,,,,,,
13,37939.718804920914,29.62064,,,,,,,,,,
14,37939.718804920914,29.62064,,,,,,,,,,
15,34618.3277027027,32.11804,32.118040000000065,-0.0063989955313979155,0.0012368727109983047,-2.8489833637447987e-06,24.16681,47643.052837573385,29.62064,37939.718804920914,32.11804,34618.3277027027
16,32720.049504950493,33.80121,33.8012099999998,-0.007200004620628178,0.0013496273595044786,-3.1798675190893356e-06,24.16681,47643.052837573385,29.62064,37939.718804920914,33.80121,32720.049504950493
17,30279.84,36.13037,36.13036999999974,-0.0066322015293336775,0.0012697001291641175,-2.9453170641805917e-06,24.16681,47643.052837573385,29.62064,37939.718804920914,36.13037,30279.84
18,30031.57894736842,36.35764,36.35764000000006,-0.006390728851952539,0.00123570904563207,-2.8455685295281043e-06,24.16681,47643.052837573385,29.62064,37939.718804920914,36.35764,30031.57894736842
19,29784.89666136725,36.35764,36.617819789568216,-0.006390728851952539,0.00123570904563207,-2.8455685295281043e-06,24.16681,47643.052837573385,29.62064,37939.718804920914,36.35764,30031.57894736842
20,28455.703125,37.66019,37.660190000000114,-0.004109781568269472,0.0009146297811259169,-1.9033453693987331e-06,24.16681,47643.052837573385,29.62064,37939.718804920914,37.66019,28455.703125
21,28218.92523364486,37.88919,37.88919000000004,-0.003981625380964422,0.0008965897787741855,-1.850406080246151e-06,24.16681,47643.052837573385,29.62064,37939.718804920914,37.88919,28218.92523364486
22,27866.511627906977,38.11414,38.11414000000002,-0.0032273639302871082,0.0007904155968624627,-1.538832633238031e-06,24.16681,47643.052837573385,29.62064,37939.718804920914,38.11414,27866.511627906977
23,27633.38485316847,38.32614,38.32613999999995,-0.0030521939831617915,0.0007657576671553975,-1.466472705272662e-06,24.16681,47643.052837573385,29.62064,37939.718804920914,38.32614,27633.38485316847
24,27401.694915254237,38.55096,38.55096000000003,-0.002940901784925002,0.000750091536942409,-1.4204996626378972e-06,24.16681,47643.052837573385,29.62064,37939.718804920914,38.55096,27401.694915254237
25,27056.825153374233,38.77902,38.779019999999946,-0.002328182921584195,0.0006638417040778597,-1.1673952144037188e-06,24.16681,47643.052837573385,29.62064,37939.718804920914,38.77902,27056.825153374233
26,26828.669724770643,39.22214,39.22214000000008,-0.0031051156122668304,0.0007732072201858719,-1.4883337912220176e-06,24.16681,47643.052837573385,29.62064,37939.718804920914,39.22214,26828.669724770643
27,26264.33990895296,39.66162,39.66161999999997,-0.0023714818899376747,0.0006699367160109555,-1.1852813317568928e-06,24.16681,47643.052837573385,29.62064,37939.718804920914,39.66162,26264.33990895296
28,25160.986547085202,40.72147,40.7214699999999,-0.0017193772769524378,0.0005781427183959444,-9.159072547770129e-07,24.16681,47643.052837573385,29.62064,37939.718804920914,40.72147,25160.986547085202
29,24836.383928571428,40.93613,40.93613000000005,-0.0012531635444558613,0.0005125157907578093,-7.233217533622984e-07,24.16681,47643.052837573385,29.62064,37939.718804920914,40.93613,24836.383928571428
30,24514.666666666668,41.15137,41.151369999999986,-0.0008262528537737457,0.00045242138544007856,-5.469717153999982e-07,24.16681,47643.052837573385,29.62064,37939.718804920914,41.15137,24514.666666666668
31,24195.796460176993,41.58221,41.58221000000003,-0.0009839993273022176,0.0004746266867468135,-6.121342826590114e-07,24.16681,47643.052837573385,29.62064,37939.718804920914,41.58221,24195.796460176993
32,23984.779411764706,41.79236,41.792360000000144,-0.0008860551168340782,0.00046083949609812514,-5.716750821488385e-07,24.16681,47643.052837573385,29.62064,37939.718804920914,41.79236,23984.779411764706
33,23670.571010248903,42.00983,42.009829999999965,-0.0005147254209420587,0.00040856899142701893,-4.182846719380823e-07,24.16681,47643.052837573385,29.62064,37939.718804920914,42.00983,23670.571010248903
34,23359.110787172012,42.44809,42.44808999999992,-0.0006661591794767828,0.00042988567864708516,-4.808395567166827e-07,24.16681,47643.052837573385,29.62064,37939.718804920914,42.44809,23359.110787172012
35,23050.362844702468,42.85709,42.85709000000003,-0.0007345490081441548,0.0004395126244539013,-5.090903106681845e-07,24.16681,47643.052837573385,29.62064,37939.718804920914,42.85709,23050.362844702468
36,22642.85714285714,43.27158,43.271579999999915,-0.0005434052874111802,0.0004126061344587383,-4.3013187007805425e-07,24.16681,47643.052837573385,29.62064,37939.718804920914,43.27158,22642.85714285714
37,22140.042979942693,43.68677,43.686770000000024,-0.00012825110718520886,0.0003541666432012405,-2.5863826019426455e-07,24.16681,47643.052837573385,29.62064,37939.718804920914,43.68677,22140.042979942693
38,21841.79743223966,44.10733,44.10733000000005,-0.00020591321582324323,0.0003650988084905816,-2.9071924599639266e-07,24.16681,47643.052837573385,29.62064,37939.718804920914,44.10733,21841.79743223966
39,21448.08510638298,44.51529,44.51528999999999,-3.3854243680082885e-05,0.0003408787975229425,-2.1964441247390706e-07,24.16681,47643.052837573385,29.62064,37939.718804920914,44.51529,21448.08510638298
40,21155.72033898305,44.92194,44.921940000000006,-7.374949794409537e-05,0.00034649468307540975,-2.3612450950013259e-07,24.16681,47643.052837573385,29.62064,37939.718804920914,44.92194,21155.72033898305
41,20769.733146067414,45.3309,45.330899999999986,8.907064778558701e-05,0.0003235751824750903,-1.6886608869418204e-07,24.16681,47643.052837573385,29.62064,37939.718804920914,45.3309,20769.733146067414
42,20388.058659217877,45.72961,45.72961000000004,0.000257935669837108,0.0002998047703007372,-9.911062531679703e-08,24.16681,47643.052837573385,29.62064,37939.718804920914,45.72961,20388.058659217877
43,20104.589707927676,46.12106,46.12106,0.0002499240406900068,0.0003009325333193957,-1.0242010229891186e-07,24.16681,47643.052837573385,29.62064,37939.718804920914,46.12106,20104.589707927676
44,19730.290456431536,46.50693,46.50693000000001,0.0004260517889680157,0.00027613977801077034,-2.9664521862606317e-08,24.16681,47643.052837573385,29.62064,37939.718804920914,46.50693,19730.290456431536
45,19452.272727272728,46.90082,46.90082000000001,0.00041895555622139527,0.0002771386845647922,-3.25958631046265e-08,24.16681,47643.052837573385,29.62064,37939.718804920914,46.90082,19452.272727272728
46,19085.13698630137,47.47568,47.47568000000001,0.0003568365387140748,0.0002858829149096907,-5.825624438506128e-08,24.16681,47643.052837573385,29.62064,37939.718804920914,47.47568,19085.13698630137
47,18722.00272479564,47.83768,47.837680000000034,0.0005510720320347396,0.00025854120921463947,2.1979358443238884e-08,24.16681,47643.052837573385,29.62064,37939.718804920914,47.83768,18722.00272479564
48,18452.238805970148,48.21243,48.21243000000004,0.0005751708426004671,0.0002551489219718485,3.1934195018827834e-08,24.16681,47643.052837573385,29.62064,37939.718804920914,48.21243,18452.238805970148
49,18095.95141700405,48.7793,48.779300000000035,0.0005399248525932983,0.00026011035033507646,1.7374635346401255e-08,24.16681,47643.052837573385,29.62064,37939.718804920914,48.7793,18095.95141700405
50,17831.25,49.15201,49.15201000000002,0.0005729136297054865,0.00025546666024723024,3.1001776158379984e-08,24.16681,47643.052837573385,29.62064,37939.718804920914,49.15201,17831.25
51,17481.617647058825,49.51041,49.51040999999998,0.0007522283719330449,0.000230225285331906,1.0507385326777325e-07,24.16681,47643.052837573385,29.62064,37939.718804920914,49.51041,17481.617647058825
52,17135.70478723404,50.22272,50.22271999999998,0.0005963581745448685,0.00025216647121280614,4.068634593532304e-08,24.16681,47643.052837573385,29.62064,37939.718804920914,50.22272,17135.70478723404
53,16878.675496688742,50.57635,50.57634999999999,0.0006527646227263597,0.0002442263749970472,6.398695539588896e-08,24.16681,47643.052837573385,29.62064,37939.718804920914,50.57635,16878.675496688742
54,16539.130434782608,51.07809,51.07809000000003,0.0007017677344364798,0.00023732841502271905,8.422936393464669e-08,24.16681,47643.052837573385,29.62064,37939.718804920914,51.07809,16539.130434782608
55,16203.145478374836,51.57898,51.57898000000006,0.0007529635868940687,0.00023012179224347375,1.053775589118738e-07,24.16681,47643.052837573385,29.62064,37939.718804920914,51.57898,16203.145478374836
56,15870.664928292046,52.08759,52.08758999999992,0.000799431793318948,0.00022358066012325708,1.2457283826637781e-07,24.16681,47643.052837573385,29.62064,37939.718804920914,52.08759,15870.664928292046
57,15297.093023255815,53.02695,53.02695,0.0008492428052301075,0.0002165689754678722,1.4514897756951467e-07,24.16681,47643.052837573385,29.62064,37939.718804920914,53.02695,15297.093023255815
58,14973.971722365039,53.49936,53.499360000000024,0.000925684311292703,0.00020580862922054915,1.767257517994951e-07,24.16681,47643.052837573385,29.62064,37939.718804920914,53.49936,14973.971722365039
59,14654.15601023018,54.09549,54.095489999999984,0.0009202446109439271,0.00020657435274235654,1.744786978279082e-07,24.16681,47643.052837573385,29.62064,37939.718804920914,54.09549,14654.15601023018
60,14337.595419847328,54.66089,54.660889999999995,0.0009397106423281033,0.00020383420215474944,1.8251980677294272e-07,24.16681,47643.052837573385,29.62064,37939.718804920914,54.66089,14337.595419847328
61,14102.281368821294,55.23605,55.23604999999998,0.0008654283187703661,0.00021429060944848347,1.5183495660345106e-07,24.16681,47643.052837573385,29.62064,37939.718804920914,55.23605,14102.281368821294
62,13946.396965865992,55.51974,55.51974000000001,0.0008791534312377314,0.00021235858364156954,1.575045829620447e-07,24.16681,47643.052837573385,29.62064,37939.718804920914,55.51974,13946.396965865992
63,13714.04282115869,55.79242,55.79241999999999,0.0009886238364375205,0.00019694889949929337,2.0272507177642794e-07,24.16681,47643.052837573385,29.62064,37939.718804920914,55.79242,13714.04282115869
64,13560.113065326634,56.06036,56.06036,0.0010111613050608386,0.00019377639573247202,2.1203494274954851e-07,24.16681,47643.052837573385,29.62064,37939.718804920914,56.06036,13560.113065326634
65,13406.954887218046,56.46133,56.461329999999975,0.0009610938058370279,0.00020082418501784566,1.9135285260397515e-07,24.16681,47643.052837573385,29.62064,37939.718804920914,56.46133,13406.954887218046
66,13178.651685393259,56.9743,56.97429999999997,0.000939339948885965,0.00020388638309668113,1.8236667918907004e-07,24.16681,47643.052837573385,29.62064,37939.718804920914,56.9743,13178.651685393259
67,13027.397260273972,57.23676,57.23675999999995,0.0009685443937060738,0.00019977539739778765,1.944305723290266e-07,24.16681,47643.052837573385,29.62064,37939.718804920914,57.23676,13027.397260273972
68,12876.894409937888,57.63062,57.63062000000002,0.0009309991666800305,0.00020506047959388868,1.7892123429683377e-07,24.16681,47643.052837573385,29.62064,37939.718804920914,57.63062,12876.894409937888
69,12727.1375464684,57.87595,57.87594999999999,0.0009702862793252482,0.00019953019955500572,1.951501176619781e-07,24.16681,47643.052837573385,29.62064,37939.718804920914,57.87595,12727.1375464684
70,12578.121137206428,58.24896,58.248959999999954,0.0009469968929679902,0.0002028085475886848,1.855296413940756e-07,24.16681,47643.052837573385,29.62064,37939.718804920914,58.24896,12578.121137206428
71,12429.83970406905,58.49158,58.49157999999994,0.0009882220774691864,0.00019700545340344726,2.025591115162053e-07,24.16681,47643.052837573385,29.62064,37939.718804920914,58.49158,12429.83970406905
72,12282.287822878228,58.73605,58.73604999999998,0.001028189239699461,0.0001913794456718816,2.190689125832452e-07,24.16681,47643.052837573385,29.62064,37939.718804920914,58.73605,12282.287822878228
73,12208.783783783783,58.97498,58.97498000000007,0.0009940306328034922,0.0001961878077314391,2.049585336343872e-07,24.16681,47643.052837573385,29.62064,37939.718804920914,58.97498,12208.783783783783
74,11916.56479217604,59.65543,59.655430000000024,0.000989727527703677,0.0001967935375658921,2.0318098914025493e-07,24.16681,47643.052837573385,29.62064,37939.718804920914,59.65543,11916.56479217604
75,11771.524390243903,60.00052,60.000519999999995,0.0009875187424401603,0.0001971044588892104,2.0226857496657985e-07,24.16681,47643.052837573385,29.62064,37939.718804920914,60.00052,11771.524390243903
76,11627.189781021898,60.30237,60.302369999999996,0.0010050908599295552,0.00019463090651924926,2.0952733810830754e-07,24.16681,47643.052837573385,29.62064,37939.718804920914,60.30237,11627.189781021898
77,11483.555825242718,60.51672,60.51672000000002,0.0010597165631770684,0.00018694147820702534,2.3209235006906287e-07,24.16681,47643.052837573385,29.62064,37939.718804920914,60.51672,11483.555825242718
78,11412.0,60.83395,60.833950000000016,0.0010000140425801972,0.0001953455485419846,2.0743018535053408e-07,24.16681,47643.052837573385,29.62064,37939.718804920914,60.83395,11412.0
79,11412.0,61.02908,61.02908000000002,0.0009196014269499432,0.00020666489102231058,1.7421300871720784e-07,24.16681,47643.052837573385,29.62064,37939.718804920914,61.02908,11412.0
80,11198.369565217392,61.3494,61.3494,0.0010045722067616464,0.00019470391512355908,2.0931309070751307e-07,24.16681,47643.052837573385,29.62064,37939.718804920914,61.3494,11198.369565217392
81,11056.807228915663,61.63031,61.63030999999995,0.001033627642367778,0.0001906139048190426,2.2131543050360838e-07,24.16681,47643.052837573385,29.62064,37939.718804920914,61.63031,11056.807228915663
82,10915.92548076923,62.01102,62.01102000000003,0.0010245141006378802,0.00019189677939339785,2.175507709035629e-07,24.16681,47643.052837573385,29.62064,37939.718804920914,62.01102,10915.92548076923
83,10845.738295318128,62.26968,62.269679999999994,0.0009946692610261721,0.00019609791074806827,2.0522234082819033e-07,24.16681,47643.052837573385,29.62064,37939.718804920914,62.26968,10845.738295318128
84,10705.868263473054,62.54034,62.540340000000015,0.0010294623549436405,0.0001912002346444471,2.1959481630629968e-07,24.16681,47643.052837573385,29.62064,37939.718804920914,62.54034,10705.868263473054
85,10705.868263473054,62.74371,62.74371000000002,0.0009539063221762909,0.00020183593657560763,1.8838381705605034e-07,24.16681,47643.052837573385,29.62064,37939.718804920914,62.74371,10705.868263473054
86,10636.184210526315,62.91458,62.91458000000006,0.0009589628604050973,0.00020112414915856973,1.9047259283063467e-07,24.16681,47643.052837573385,29.62064,37939.718804920914,62.91458,10636.184210526315
87,10497.315035799522,63.09787,63.09787,0.0010268311924363674,0.0001915706122190078,2.185079247897129e-07,24.16681,47643.052837573385,29.62064,37939.718804920914,63.09787,10497.315035799522
88,10428.12872467223,63.28723,63.287229999999965,0.0010253883113840526,0.0001917737204584491,2.1791189350283103e-07,24.16681,47643.052837573385,29.62064,37939.718804920914,63.28723,10428.12872467223
89,10359.107142857143,63.43643,63.43642999999997,0.0010384790730658304,0.0001899309895182479,2.233194796090689e-07,24.16681,47643.052837573385,29.62064,37939.718804920914,63.43643,10359.107142857143
90,10359.107142857143,63.70023,63.700229999999976,0.0009454325048444479,0.00020302875986263877,1.8488341746247634e-07,24.16681,47643.052837573385,29.62064,37939.718804920914,63.70023,10359.107142857143
91,10084.656398104265,64.23227,64.23226999999997,0.0010240235258089942,0.00019196583552914055,2.173481222194572e-07,24.16681,47643.052837573385,29.62064,37939.718804920914,64.23227,10084.656398104265
92,9880.51948051948,64.99683,64.99682999999999,0.0009623545816017597,0.00020064671096654108,1.918736590837033e-07,24.16681,47643.052837573385,29.62064,37939.718804920914,64.99683,9880.51948051948
93,9812.794811320755,65.14923,65.14923000000005,0.0009765612796960661,0.00019864689439567522,1.9774222082959643e-07,24.16681,47643.052837573385,29.62064,37939.718804920914,65.14923,9812.794811320755
94,9677.823529411764,65.3143,65.3143,0.0010495781385816945,0.00018836862119082874,2.2790432760606157e-07,24.16681,47643.052837573385,29.62064,37939.718804920914,65.3143,9677.823529411764
95,9677.823529411764,65.56931,65.56931000000003,0.0009684811086496502,0.0001997843057664799,1.9440443027555668e-07,24.16681,47643.052837573385,29.62064,37939.718804920914,65.56931,9677.823529411764
96,9543.485915492958,65.85577,65.85577,0.0010036841191424849,0.00019482892744699905,2.0894623579202083e-07,24.16681,47643.052837573385,29.62064,37939.718804920914,65.85577,9543.485915492958
97,9543.485915492958,65.99954,65.99953999999997,0.0009589275745117047,0.0002011291162039631,1.904580167875063e-07,24.16681,47643.052837573385,29.62064,37939.718804920914,65.99954,9543.485915492958
98,9476.553341148887,66.13782,66.13782000000003,0.000978478226098328,0.00019837705398974436,1.985340809965799e-07,24.16681,47643.052837573385,29.62064,37939.718804920914,66.13782,9476.553341148887
99,9276.693925233645,66.55499,66.55498999999998,0.0010361208081523013,0.00019026295245722647,2.223453177618649e-07,24.16681,47643.052837573385,29.62064,37939.718804920914,66.55499,9276.693925233645
100,9276.693925233645,66.69626,66.69626000000005,0.0009939091018717145,0.00019620491512470026,2.049083311332543e-07,24.16681,47643.052837573385,29.62064,37939.718804920914,66.69626,9276.693925233645
101,9144.23076923077,66.97656,66.97656000000006,0.0010322973567610688,0.00019080116347567212,2.2076591061018758e-07,24.16681,47643.052837573385,29.62064,37939.718804920914,66.97656,9144.23076923077
102,9144.23076923077,67.14459,67.14459,0.000983132921367317,0.00019772183229998483,2.004568618153914e-07,24.16681,47643.052837573385,29.62064,37939.718804920914,67.14459,9144.23076923077
103,9078.230500582073,67.26291,67.26291000000009,0.0010090701444692134,0.00019407075953014778,2.1117111746297853e-07,24.16681,47643.052837573385,29.62064,37939.718804920914,67.26291,9078.230500582073
104,9012.383720930233,67.54718,67.54718000000003,0.0009872748519869756,0.00019713879031277672,2.0216782768707509e-07,24.16681,47643.052837573385,29.62064,37939.718804920914,67.54718,9012.383720930233
105,8881.14849187935,67.96753,67.96753000000001,0.0009876478584591262,0.00019708628377543107,2.023219107469742e-07,24.16681,47643.052837573385,29.62064,37939.718804920914,67.96753,8881.14849187935
106,8881.14849187935,68.02542,68.02542,0.0009714123955280127,0.00019937168095849158,1.9561529841158696e-07,24.16681,47643.052837573385,29.62064,37939.718804920914,68.02542,8881.14849187935
107,8815.758980301274,68.12289,68.12288999999993,0.0010035712490054083,0.00019484481569696284,2.088996109278682e-07,24.16681,47643.052837573385,29.62064,37939.718804920914,68.12289,8815.758980301274
108,8750.520833333334,68.2995,68.29950000000002,0.0010136797956633312,0.00019342187850355635,2.1307529128860167e-07,24.16681,47643.052837573385,29.62064,37939.718804920914,68.2995,8750.520833333334
109,8685.43352601156,68.57181,68.57181000000003,0.0009979051559508459,0.00019564240755872857,2.065590377188126e-07,24.16681,47643.052837573385,29.62064,37939.718804920914,68.57181,8685.43352601156
110,8620.496535796767,68.73584,68.73584,0.001011948064992854,0.0001936656468773269,2.123599408039575e-07,24.16681,47643.052837573385,29.62064,37939.718804920914,68.73584,8620.496535796767
111,8620.496535796767,68.95749,68.95749,0.0009523352555652663,0.00020205708895188856,1.8773483434715443e-07,24.16681,47643.052837573385,29.62064,37939.718804920914,68.95749,8620.496535796767
112,8555.709342560554,69.02487,69.02487000000002,0.0009927692185785313,0.00019636537165607928,2.044374634168608e-07,24.16681,47643.052837573385,29.62064,37939.718804920914,69.02487,8555.709342560554
113,8555.709342560554,69.14954,69.14954000000006,0.0009595940253048366,0.0002010353027554809,1.9073331704405657e-07,24.16681,47643.052837573385,29.62064,37939.718804920914,69.14954,8555.709342560554
114,8491.07142857143,69.29633,69.29633000000001,0.0009789799126500832,0.00019830643370395237,1.9874131975723455e-07,24.16681,47643.052837573385,29.62064,37939.718804920914,69.29633,8491.07142857143
115,8491.07142857143,69.44534,69.44533999999999,0.0009397573174681488,0.00020382763189346207,1.8253908753329503e-07,24.16681,47643.052837573385,29.62064,37939.718804920914,69.44534,8491.07142857143
116,8426.582278481013,69.59323,69.59323,0.0009592142613615491,0.00020108876051334716,1.9057644257996548e-07,24.16681,47643.052837573385,29.62064,37939.718804920914,69.59323,8426.582278481013
117,8362.241379310344,69.69629,69.69628999999998,0.0009901969468414954,0.00019672745942695655,2.033748987437888e-07,24.16681,47643.052837573385,29.62064,37939.718804920914,69.69629,8362.241379310344
118,8362.241379310344,69.75363,69.75362999999999,0.0009754108343919912,0.00019880883769648246,1.972669901139566e-07,24.16681,47643.052837573385,29.62064,37939.718804920914,69.75363,8362.241379310344
119,8362.241379310344,69.8949,69.8949,0.0009390030082682549,0.00020393381279682827,1.8222749436184263e-07,24.16681,47643.052837573385,29.62064,37939.718804920914,69.8949,8362.241379310344
120,8298.04822043628,69.99628,69.99628000000007,0.0009706511078184147,0.00019947884419703894,1.9530082252841489e-07,24.16681,47643.052837573385,29.62064,37939.718804920914,69.99628,8298.04822043628
121,8234.002293577982,70.04706,70.04706000000004,0.0010148071377934173,0.00019326318733845833,2.1354097844935073e-07,24.16681,47643.052837573385,29.62064,37939.718804920914,70.04706,8234.002293577982
122,8234.002293577982,70.19742,70.19741999999997,0.0009768329802462114,0.00019860864826283796,1.9785445601924682e-07,24.16681,47643.052837573385,29.62064,37939.718804920914,70.19742,8234.002293577982
123,8234.002293577982,70.349,70.34899999999999,0.0009385843563057676,0.0002039927446560436,1.8205455587356136e-07,24.16681,47643.052837573385,29.62064,37939.718804920914,70.349,8234.002293577982
124,8170.103092783505,70.44666,70.44666000000001,0.0009712361249526974,0.00019939649381895582,1.9554248383156596e-07,24.16681,47643.052837573385,29.62064,37939.718804920914,70.44666,8170.103092783505
125,8170.103092783505,70.62781,70.62781000000001,0.0009260167948627394,0.0002057618269200789,1.7686309549099209e-07,24.16681,47643.052837573385,29.62064,37939.718804920914,70.62781,8170.103092783505
126,8106.350114416476,70.65414,70.65413999999998,0.0009764437415318537,0.00019866343974399905,1.9769366767744227e-07,24.16681,47643.052837573385,29.62064,37939.718804920914,70.65414,8106.350114416476
127,8042.742857142857,70.80774,70.80774000000002,0.0009950902258781093,0.00019603865331322537,2.053962347344341e-07,24.16681,47643.052837573385,29.62064,37939.718804920914,70.80774,8042.742857142857
128,8042.742857142857,70.83286,70.83285999999993,0.0009889449459711012,0.0001969036982736423,2.02857717033792e-07,24.16681,47643.052837573385,29.62064,37939.718804920914,70.83286,8042.742857142857
129,7979.280821917808,71.11624,71.11624,0.0009762234667171662,0.00019869444689440318,1.9760267564379188e-07,24.16681,47643.052837573385,29.62064,37939.718804920914,71.11624,7979.280821917808
130,7915.963511972634,71.24335,71.24334999999996,0.0010015610584328126,0.00019512778168884846,2.080692330724384e-07,24.16681,47643.052837573385,29.62064,37939.718804920914,71.24335,7915.963511972634
131,7915.963511972634,71.27115,71.27115000000003,0.0009949021275421589,0.00019606513111733508,2.0531853429401513e-07,24.16681,47643.052837573385,29.62064,37939.718804920914,71.27115,7915.963511972634
132,7915.963511972634,71.42676,71.42676,0.0009576487213074775,0.00020130913493967087,1.8992974280412726e-07,24.16681,47643.052837573385,29.62064,37939.718804920914,71.42676,7915.963511972634
133,7789.761092150171,71.55249,71.55249000000003,0.0010388978869418745,0.00018987203486714872,2.2349248498127333e-07,24.16681,47643.052837573385,29.62064,37939.718804920914,71.55249,7789.761092150171
134,7852.790432801822,71.58304,71.58303999999998,0.0009763654867809401,0.00019867445533302525,1.9766134188051198e-07,24.16681,47643.052837573385,29.62064,37939.718804920914,71.58304,7852.790432801822
135,7789.761092150171,71.73975,71.73974999999996,0.0009949687624181297,0.00019605575120876803,2.0534606010483123e-07,24.16681,47643.052837573385,29.62064,37939.718804920914,71.73975,7789.761092150171
136,7789.761092150171,71.89676,71.89675999999997,0.0009581727031600308,0.00020123537623904856,1.9014619140006604e-07,24.16681,47643.052837573385,29.62064,37939.718804920914,71.89676,7789.761092150171
137,7789.761092150171,71.89996,71.89995999999996,0.0009574231157555026,0.0002013408924753293,1.8983654872741838e-07,24.16681,47643.052837573385,29.62064,37939.718804920914,71.89996,7789.761092150171
138,7726.875,72.05475,72.05475000000001,0.0009768417616229101,0.00019860741214572473,1.9785808346673864e-07,24.16681,47643.052837573385,29.62064,37939.718804920914,72.05475,7726.875
139,7664.131668558456,72.07315,72.07315,0.0010275510979064037,0.00019146927418261974,2.1880530632580726e-07,24.16681,47643.052837573385,29.62064,37939.718804920914,72.07315,7664.131668558456
140,7726.875,72.21628,72.21627999999998,0.0009394059186156665,0.0002038770968179303,1.8239393023850772e-07,24.16681,47643.052837573385,29.62064,37939.718804920914,72.21628,7726.875
141,7664.131668558456,72.37231,72.37230999999997,0.0009588958272828286,0.00020113358512657722,1.904449025105868e-07,24.16681,47643.052837573385,29.62064,37939.718804920914,72.37231,7664.131668558456
142,7601.530612244898,72.53189,72.53189000000003,0.0009775570457760648,0.0001985067246324925,1.9815355601009686e-07,24.16681,47643.052837573385,29.62064,37939.718804920914,72.53189,7601.530612244898
143,7601.530612244898,72.5705,72.57049999999998,0.000968795195497548,0.00019974009309447495,1.9453417457280466e-07,24.16681,47643.052837573385,29.62064,37939.718804920914,72.5705,7601.530612244898
144,7539.071347678369,72.69208,72.69207999999998,0.0009960741150048693,0.00019590015541832206,2.0580266373385198e-07,24.16681,47643.052837573385,29.62064,37939.718804920914,72.69208,7539.071347678369
145,7476.753393665158,72.75217,72.75216999999998,0.0010368494250177851,0.0001901603881546887,2.2264629783730585e-07,24.16681,47643.052837573385,29.62064,37939.718804920914,72.75217,7476.753393665158
146,7539.071347678369,72.85031,72.85030999999998,0.0009605453832304341,0.00020090138413964177,1.911263079200329e-07,24.16681,47643.052837573385,29.62064,37939.718804920914,72.85031,7539.071347678369
147,7601.530612244898,72.85284,72.85284000000001,0.0009047826053025327,0.00020875087362674658,1.6809158843630112e-07,24.16681,47643.052837573385,29.62064,37939.718804920914,72.85284,7601.530612244898
148,7476.753393665158,72.86667,72.86667,0.0010113844301305004,0.00019374498736377698,2.1212711217834005e-07,24.16681,47643.052837573385,29.62064,37939.718804920914,72.86667,7476.753393665158
149,7476.753393665158,72.98782,72.98782,0.0009844588073277573,0.0001975351929628802,2.0100456428469177e-07,24.16681,47643.052837573385,29.62064,37939.718804920914,72.98782,7476.753393665158
150,7476.753393665158,73.01434,73.01434,0.00097856724395034,0.00019836452332467534,1.9857085285993268e-07,24.16681,47643.052837573385,29.62064,37939.718804920914,73.01434,7476.753393665158
151,7476.753393665158,73.17618,73.17617999999993,0.0009426331552549625,0.00020342281241866119,1.8372705052871139e-07,24.16681,47643.052837573385,29.62064,37939.718804920914,73.17618,7476.753393665158
152,7414.576271186441,73.23059,73.23058999999995,0.0009851178099384065,0.0001974424279634221,2.0127678781514386e-07,24.16681,47643.052837573385,29.62064,37939.718804920914,73.23059,7414.576271186441
153,7352.539503386004,73.33875,73.33875,0.0010154288315525825,0.0001931756741476149,2.1379779028475945e-07,24.16681,47643.052837573385,29.62064,37939.718804920914,73.33875,7352.539503386004
154,7414.576271186441,73.33875,73.09273975098228,0.0010154288315525825,0.0001931756741476149,2.1379779028475945e-07,24.16681,47643.052837573385,29.62064,37939.718804920914,73.33875,7352.539503386004
155,7352.539503386004,73.33908,73.33907999999997,0.0010153570195998158,0.00019318578281130126,2.137681259055978e-07,24.16681,47643.052837573385,29.62064,37939.718804920914,73.33908,7352.539503386004
156,7290.642615558061,73.50195,73.50194999999997,0.001033642934169366,0.00019061175225706012,2.21321747304404e-07,24.16681,47643.052837573385,29.62064,37939.718804920914,73.50195,7290.642615558061
157,7352.539503386004,73.66577,73.66577000000007,0.0009443323963062877,0.00020318361747063187,1.844289800667829e-07,24.16681,47643.052837573385,29.62064,37939.718804920914,73.66577,7352.539503386004
158,7290.642615558061,73.82944,73.82943999999998,0.0009631749892791406,0.00020053122566114493,1.9221255648826235e-07,24.16681,47643.052837573385,29.62064,37939.718804920914,73.82944,7290.642615558061
159,7228.885135135135,73.99548,73.99547999999999,0.0009815103750544616,0.00019795023125531604,1.997866136578424e-07,24.16681,47643.052837573385,29.62064,37939.718804920914,73.99548,7228.885135135135
160,7167.266591676041,74.06281,74.06281000000001,0.0010206436178762774,0.00019244161081816122,2.159519358384337e-07,24.16681,47643.052837573385,29.62064,37939.718804920914,74.06281,7167.266591676041
161,7167.266591676041,74.20297,74.20297,0.000991125267918982,0.0001965967836104144,2.037583734630429e-07,24.16681,47643.052837573385,29.62064,37939.718804920914,74.20297,7167.266591676041
162,7167.266591676041,74.31799,74.31798999999995,0.0009669193091464004,0.00020000415365134633,1.937592756619593e-07,24.16681,47643.052837573385,29.62064,37939.718804920914,74.31799,7167.266591676041
163,7167.266591676041,74.31799,74.31798999999995,0.0009669193091464004,0.00020000415365134633,1.937592756619593e-07,24.16681,47643.052837573385,29.62064,37939.718804920914,74.31799,7167.266591676041
164,7167.266591676041,74.32404,74.32404000000002,0.0009656465302858895,0.00020018331732747998,1.9323351089366546e-07,24.16681,47643.052837573385,29.62064,37939.718804920914,74.32404,7167.266591676041
165,7167.266591676041,74.32532,74.32532000000003,0.0009653772538273002,0.00020022122223124135,1.9312227705780444e-07,24.16681,47643.052837573385,29.62064,37939.718804920914,74.32532,7167.266591676041
166,7105.786516853933,74.32532,74.58121439545789,0.0009653772538273002,0.00020022122223124135,1.9312227705780444e-07,24.16681,47643.052837573385,29.62064,37939.718804920914,74.32532,7167.266591676041
167,7167.266591676041,74.32565,74.32565,0.0009653078313119966,0.00020023099454396126,1.9309359971737613e-07,24.16681,47643.052837573385,29.62064,37939.718804920914,74.32565,7167.266591676041
168,7044.444444444444,74.49429,74.49428999999998,0.0010364099405743552,0.00019022225251379417,2.2246475378143112e-07,24.16681,47643.052837573385,29.62064,37939.718804920914,74.49429,7044.444444444444
169,7044.444444444444,74.66135,74.66135000000003,0.0010019709339060515,0.0001950700852587608,2.0823854613215578e-07,24.16681,47643.052837573385,29.62064,37939.718804920914,74.66135,7044.444444444444
170,6983.239910313901,74.66251,74.66251000000005,0.0010543225013569398,0.0001877007773869305,2.2986414865009462e-07,24.16681,47643.052837573385,29.62064,37939.718804920914,74.66251,6983.239910313901
171,7044.444444444444,74.67023,74.67022999999995,0.0010001412698017495,0.00019532763930619763,2.074827408986623e-07,24.16681,47643.052837573385,29.62064,37939.718804920914,74.67023,7044.444444444444
172,7044.444444444444,74.68585,74.68584999999996,0.0009969231008482194,0.00019578064728584176,2.0615336632568688e-07,24.16681,47643.052837573385,29.62064,37939.718804920914,74.68585,7044.444444444444
173,6983.239910313901,74.68585,74.9439523984804,0.0009969231008482194,0.00019578064728584176,2.0615336632568688e-07,24.16681,47643.052837573385,29.62064,37939.718804920914,74.68585,7044.444444444444
174,7044.444444444444,74.69455,74.69454999999994,0.000995130776112328,0.00019603294522892568,2.0541298539329528e-07,24.16681,47643.052837573385,29.62064,37939.718804920914,74.69455,7044.444444444444
175,7044.444444444444,74.8302,74.83019999999999,0.000967196523799973,0.00019996513132158178,1.9387378864031342e-07,24.16681,47643.052837573385,29.62064,37939.718804920914,74.8302,7044.444444444444
176,6922.172452407614,75.07269,75.07268999999997,0.001023405804545725,0.00019205278952860348,2.1709295135912186e-07,24.16681,47643.052837573385,29.62064,37939.718804920914,75.07269,6922.172452407614
177,6922.172452407614,75.16949,75.16949000000005,0.0010038850534080748,0.0001948006427835738,2.0902923855146938e-07,24.16681,47643.052837573385,29.62064,37939.718804920914,75.16949,6922.172452407614
178,6861.241610738255,75.65707,75.65706999999998,0.0009588718028615151,0.00020113696694236082,1.904349784030319e-07,24.16681,47643.052837573385,29.62064,37939.718804920914,75.65707,6861.241610738255
179,6739.787946428572,76.02853,76.02852999999999,0.0009906590510000367,0.00019666241098659538,2.0356578664535681e-07,24.16681,47643.052837573385,29.62064,37939.718804920914,76.02853,6739.787946428572
180,6800.446927374302,76.13272,76.13272,0.0009176469258974679,0.00020694001783689968,1.734056353196227e-07,24.16681,47643.052837573385,29.62064,37939.718804920914,76.13272,6800.446927374302
181,6800.446927374302,75.82455,76.13272,0.0009176469258974679,0.00020694001783689968,1.734056353196227e-07,24.16681,47643.052837573385,29.62064,37939.718804920914,76.13272,6800.446927374302
182,6861.241610738255,75.82455,75.86419926927363,0.0009176469258974679,0.00020694001783689968,1.734056353196227e-07,24.16681,47643.052837573385,29.62064,37939.718804920914,76.13272,6800.446927374302
183,6861.241610738255,75.52606,75.86419926927363,0.0009176469258974679,0.00020694001783689968,1.734056353196227e-07,24.16681,47643.052837573385,29.62064,37939.718804920914,76.13272,6800.446927374302
184,6861.241610738255,75.52606,75.86419926927363,0.0009176469258974679,0.00020694001783689968,1.734056353196227e-07,24.16681,47643.052837573385,29.62064,37939.718804920914,76.13272,6800.446927374302
185,6861.241610738255,75.26218,75.86419926927363,0.0009176469258974679,0.00020694001783689968,1.734056353196227e-07,24.16681,47643.052837573385,29.62064,37939.718804920914,76.13272,6800.446927374302
186,6861.241610738255,75.26218,75.86419926927363,0.0009176469258974679,0.00020694001783689968,1.734056353196227e-07,24.16681,47643.052837573385,29.62064,37939.718804920914,76.13272,6800.446927374302
187,6922.172452407614,75.26218,75.59777467001294,0.0009176469258974679,0.00020694001783689968,1.734056353196227e-07,24.16681,47643.052837573385,29.62064,37939.718804920914,76.13272,6800.446927374302
188,6922.172452407614,75.04102,75.59777467001294,0.0009176469258974679,0.00020694001783689968,1.734056353196227e-07,24.16681,47643.052837573385,29.62064,37939.718804920914,76.13272,6800.446927374302
189,6922.172452407614,74.76282,75.59777467001294,0.0009176469258974679,0.00020694001783689968,1.734056353196227e-07,24.16681,47643.052837573385,29.62064,37939.718804920914,76.13272,6800.446927374302
190,7044.444444444444,74.52933,75.07107555616295,0.0009176469258974679,0.00020694001783689968,1.734056353196227e-07,24.16681,47643.052837573385,29.62064,37939.718804920914,76.13272,6800.446927374302
191,7044.444444444444,74.08548,75.07107555616295,0.0009176469258974679,0.00020694001783689968,1.734056353196227e-07,24.16681,47643.052837573385,29.62064,37939.718804920914,76.13272,6800.446927374302
192,7044.444444444444,73.88263,75.07107555616295,0.0009176469258974679,0.00020694001783689968,1.734056353196227e-07,24.16681,47643.052837573385,29.62064,37939.718804920914,76.13272,6800.446927374302
193,7167.266591676041,73.10437,74.55235419209572,0.0009176469258974679,0.00020694001783689968,1.734056353196227e-07,24.16681,47643.052837573385,29.62064,37939.718804920914,76.13272,6800.446927374302
194,7167.266591676041,73.10437,74.55235419209572,0.0009176469258974679,0.00020694001783689968,1.734056353196227e-07,24.16681,47643.052837573385,29.62064,37939.718804920914,76.13272,6800.446927374302
195,7228.885135135135,72.92596,74.29590470512511,0.0009176469258974679,0.00020694001783689968,1.734056353196227e-07,24.16681,47643.052837573385,29.62064,37939.718804920914,76.13272,6800.446927374302
196,7228.885135135135,72.92596,74.29590470512511,0.0009176469258974679,0.00020694001783689968,1.734056353196227e-07,24.16681,47643.052837573385,29.62064,37939.718804920914,76.13272,6800.446927374302
197,7228.885135135135,72.70807,74.29590470512511,0.0009176469258974679,0.00020694001783689968,1.734056353196227e-07,24.16681,47643.052837573385,29.62064,37939.718804920914,76.13272,6800.446927374302
198,7290.642615558061,72.70807,74.04135459530454,0.0009176469258974679,0.00020694001783689968,1.734056353196227e-07,24.16681,47643.052837573385,29.62064,37939.718804920914,76.13272,6800.446927374302
199,7290.642615558061,72.49518,74.04135459530454,0.0009176469258974679,0.00020694001783689968,1.734056353196227e-07,24.16681,47643.052837573385,29.62064,37939.718804920914,76.13272,6800.446927374302
200,7290.642615558061,72.49518,74.04135459530454,0.0009176469258974679,0.00020694001783689968,1.734056353196227e-07,24.16681,47643.052837573385,29.62064,37939.718804920914,76.13272,6800.446927374302
201,7290.642615558061,72.33279,74.04135459530454,0.0009176469258974679,0.00020694001783689968,1.734056353196227e-07,24.16681,47643.052837573385,29.62064,37939.718804920914,76.13272,6800.446927374302
202,7290.642615558061,72.33279,74.04135459530454,0.0009176469258974679,0.00020694001783689968,1.734056353196227e-07,24.16681,47643.052837573385,29.62064,37939.718804920914,76.13272,6800.446927374302
203,7352.539503386004,72.17981,73.78867369134298,0.0009176469258974679,0.00020694001783689968,1.734056353196227e-07,24.16681,47643.052837573385,29.62064,37939.718804920914,76.13272,6800.446927374302
204,7539.071347678369,71.4574,73.04155471054207,0.0009176469258974679,0.00020694001783689968,1.734056353196227e-07,24.16681,47643.052837573385,29.62064,37939.718804920914,76.13272,6800.446927374302
205,7539.071347678369,71.4574,73.04155471054207,0.0009176469258974679,0.00020694001783689968,1.734056353196227e-07,24.16681,47643.052837573385,29.62064,37939.718804920914,76.13272,6800.446927374302
206,7601.530612244898,71.1373,72.79606238787187,0.0009176469258974679,0.00020694001783689968,1.734056353196227e-07,24.16681,47643.052837573385,29.62064,37939.718804920914,76.13272,6800.446927374302
207,7601.530612244898,70.84937,72.79606238787187,0.0009176469258974679,0.00020694001783689968,1.734056353196227e-07,24.16681,47643.052837573385,29.62064,37939.718804920914,76.13272,6800.446927374302
208,7789.761092150171,70.4696,70.46960000000007,-0.002659895423857456,0.0007619069175964903,-1.7471821597720912e-06,24.16681,47643.052837573385,70.4696,7789.761092150171,76.13272,6800.446927374302
209,7789.761092150171,70.28671,70.2867099999998,-0.0030708897820434936,0.0008256624912507934,-1.967822664066256e-06,24.16681,47643.052837573385,70.28671,7789.761092150171,76.13272,6800.446927374302
210,7726.875,70.28671,70.62365902977683,-0.0030708897820434936,0.0008256624912507934,-1.967822664066256e-06,24.16681,47643.052837573385,70.28671,7789.761092150171,76.13272,6800.446927374302
211,7852.790432801822,69.97003,69.9700299999999,-0.0030349022427201226,0.0008200799177476074,-1.9485029126719547e-06,24.16681,47643.052837573385,69.97003,7852.790432801822,76.13272,6800.446927374302
212,7852.790432801822,69.97003,69.9700299999999,-0.0030349022427201226,0.0008200799177476074,-1.9485029126719547e-06,24.16681,47643.052837573385,69.97003,7852.790432801822,76.13272,6800.446927374302
213,7979.280821917808,69.77475,69.77475000000004,-0.002140979843158663,0.0006814100449103893,-1.4686046242633072e-06,24.16681,47643.052837573385,69.77475,7979.280821917808,76.13272,6800.446927374302
214,7979.280821917808,69.52731,69.52731000000011,-0.002621403330783899,0.0007559358247428297,-1.7265178497689756e-06,24.16681,47643.052837573385,69.52731,7979.280821917808,76.13272,6800.446927374302
215,8042.742857142857,69.33032,69.33032000000009,-0.0024042454075530557,0.0007222491628862879,-1.609937578680587e-06,24.16681,47643.052837573385,69.33032,8042.742857142857,76.13272,6800.446927374302
216,8106.350114416476,69.10513,69.10513000000003,-0.002259986765097275,0.0006998710150573192,-1.5324929642077353e-06,24.16681,47643.052837573385,69.10513,8106.350114416476,76.13272,6800.446927374302
217,8170.103092783505,68.91425,68.91424999999998,-0.002072373005318962,0.0006707673968643596,-1.431773346661857e-06,24.16681,47643.052837573385,68.91425,8170.103092783505,76.13272,6800.446927374302
218,8170.103092783505,68.74832,68.74831999999998,-0.002357935902930401,0.00071506539266157,-1.5850765258460607e-06,24.16681,47643.052837573385,68.74832,8170.103092783505,76.13272,6800.446927374302
219,8298.04822043628,68.37946,68.37945999999988,-0.0019938448602618607,0.0006585857042537337,-1.3896158591402376e-06,24.16681,47643.052837573385,68.37946,8298.04822043628,76.13272,6800.446927374302
220,8298.04822043628,68.21262,68.21262000000002,-0.002261603181503811,0.0007001217619427942,-1.533360730209832e-06,24.16681,47643.052837573385,68.21262,8298.04822043628,76.13272,6800.446927374302
221,9144.23076923077,65.36691,65.36691000000002,-0.001386783232011658,0.0005644151601045909,-1.0637175076739824e-06,24.16681,47643.052837573385,65.36691,9144.23076923077,76.13272,6800.446927374302
222,9144.23076923077,65.2254,65.22540000000004,-0.0015507224585413152,0.0005898462620739027,-1.1517275567042068e-06,24.16681,47643.052837573385,65.2254,9144.23076923077,76.13272,6800.446927374302
223,9276.693925233645,65.06342,65.0634199999999,-0.0011771819049863587,0.0005319007165920787,-9.511939618528146e-07,24.16681,47643.052837573385,65.06342,9276.693925233645,76.13272,6800.446927374302
224,10016.449704142013,62.88177,62.88177000000002,-0.0008358086211271891,0.0004789451246010986,-7.679292235345624e-07,24.16681,47643.052837573385,62.88177,10016.449704142013,76.13272,6800.446927374302
225,10084.656398104265,62.6528,62.65280000000007,-0.0008470682398981797,0.0004806917749858912,-7.73973900095954e-07,24.16681,47643.052837573385,62.6528,10084.656398104265,76.13272,6800.446927374302
226,10153.02491103203,62.37738,62.37737999999996,-0.0009024440098027902,0.0004892819512413498,-8.037021373675237e-07,24.16681,47643.052837573385,62.37738,10153.02491103203,76.13272,6800.446927374302
227,10428.12872467223,61.90793,61.90793000000002,-0.0005641396320712477,0.00043680242386478824,-6.220849277370605e-07,24.16681,47643.052837573385,61.90793,10428.12872467223,76.13272,6800.446927374302
228,10428.12872467223,61.79044,61.7904400000001,-0.0006682184592356304,0.00045294767062783174,-6.779591859951263e-07,24.16681,47643.052837573385,61.79044,10428.12872467223,76.13272,6800.446927374302
229,10986.281588447653,60.27237,60.27236999999991,-0.0005863259762407215,0.0004402440844901547,-6.33995568524448e-07,24.16681,47643.052837573385,60.27237,10986.281588447653,76.13272,6800.446927374302
230,10986.281588447653,60.14124,60.14123999999998,-0.0006944039984228744,0.0004570097070988392,-6.920167769484133e-07,24.16681,47643.052837573385,60.14124,10986.281588447653,76.13272,6800.446927374302
231,11269.407496977024,59.64978,59.649779999999964,-0.0004634159198292796,0.0004211776399068761,-5.680118480930123e-07,24.16681,47643.052837573385,59.64978,11269.407496977024,76.13272,6800.446927374302
232,11269.407496977024,59.49066,59.49066000000005,-0.0005905285605925913,0.00044089601114278947,-6.362517073552281e-07,24.16681,47643.052837573385,59.49066,11269.407496977024,76.13272,6800.446927374302
233,11269.407496977024,59.38824,59.38823999999994,-0.0006724108881540113,0.00045359802191702217,-6.80209872926333e-07,24.16681,47643.052837573385,59.38824,11269.407496977024,76.13272,6800.446927374302
234,11340.617433414043,59.27484,59.2748400000001,-0.0006099847937200082,0.0004439141628022554,-6.466967000987904e-07,24.16681,47643.052837573385,59.27484,11340.617433414043,76.13272,6800.446927374302
235,11340.617433414043,59.19037,59.19036999999997,-0.0006770462471210464,0.0004543170828095885,-6.826983448960828e-07,24.16681,47643.052837573385,59.19037,11340.617433414043,76.13272,6800.446927374302
236,11412.0,59.10471,59.104709999999955,-0.000594037256348612,0.00044144029820232685,-6.381353351608265e-07,24.16681,47643.052837573385,59.10471,11412.0,76.13272,6800.446927374302
237,11412.0,59.00165,59.001649999999984,-0.0006752907334882713,0.0004540447584419024,-6.817559051629913e-07,24.16681,47643.052837573385,59.00165,11412.0,76.13272,6800.446927374302
238,11483.555825242718,58.90567,58.90566999999993,-0.0006018006066433254,0.00044264458931158517,-6.42303055446813e-07,24.16681,47643.052837573385,58.90567,11483.555825242718,76.13272,6800.446927374302
239,11483.555825242718,58.79407,58.79407000000003,-0.0006892074126402248,0.0004562035857956687,-6.892270128437375e-07,24.16681,47643.052837573385,58.79407,11483.555825242718,76.13272,6800.446927374302
240,11555.28554070474,58.79407,58.6052389161469,-0.0006892074126402248,0.0004562035857956687,-6.892270128437375e-07,24.16681,47643.052837573385,58.79407,11483.555825242718,76.13272,6800.446927374302
241,12135.460122699387,57.38696,57.38695999999999,-0.0005004213065822162,0.0004269181071754435,-5.878780263802402e-07,24.16681,47643.052837573385,57.38696,12135.460122699387,76.13272,6800.446927374302
242,12135.460122699387,57.35986,57.359860000000026,-0.0005205385650662287,0.0004300388005121135,-5.986778876642713e-07,24.16681,47643.052837573385,57.35986,12135.460122699387,76.13272,6800.446927374302
243,12355.97290640394,57.23926,57.239259999999945,-0.0002199350859214571,0.00038340763180230107,-4.3730023877435545e-07,24.16681,47643.052837573385,57.23926,12355.97290640394,76.13272,6800.446927374302
244,12429.83970406905,57.08087,57.080870000000004,-0.0002089299978371836,0.00038170046553601524,-4.3139220588691433e-07,24.16681,47643.052837573385,57.08087,12429.83970406905,76.13272,6800.446927374302
245,12503.888888888889,56.63058,56.630580000000066,-0.00040986018476270444,0.00041286979688266164,-5.392606884783468e-07,24.16681,47643.052837573385,56.63058,12503.888888888889,76.13272,6800.446927374302
246,12652.537128712871,55.98947,55.98946999999998,-0.0006226314621235263,0.00044587597951049624,-6.534860081236232e-07,24.16681,47643.052837573385,55.98947,12652.537128712871,76.13272,6800.446927374302
247,12727.1375464684,55.85178,55.85178000000002,-0.0005977673342828418,0.00044201892721203325,-6.401378110101241e-07,24.16681,47643.052837573385,55.85178,12727.1375464684,76.13272,6800.446927374302
248,12727.1375464684,55.73718,55.73718000000008,-0.0006798612105065579,0.00045475375451051213,-6.842095455453813e-07,24.16681,47643.052837573385,55.73718,12727.1375464684,76.13272,6800.446927374302
249,12801.923076923076,55.64432,55.64431999999999,-0.0006235126819281586,0.00044601267889101293,-6.539590870800993e-07,24.16681,47643.052837573385,55.64432,12801.923076923076,76.13272,6800.446927374302
250,12876.894409937888,55.39362,55.39361999999994,-0.0006804321027668158,0.0004548423142749532,-6.845160265315362e-07,24.16681,47643.052837573385,55.39362,12876.894409937888,76.13272,6800.446927374302
251,13483.437892095357,54.38141,54.38141000000002,-0.000456493282928812,0.00042010376461394574,-5.642954610761542e-07,24.16681,47643.052837573385,54.38141,13483.437892095357,76.13272,6800.446927374302
252,13560.113065326634,54.21185,54.21185000000003,-0.00046149253954484715,0.00042087927519469226,-5.669792898900736e-07,24.16681,47643.052837573385,54.21185,13560.113065326634,76.13272,6800.446927374302
253,13636.981132075472,54.05048,54.050479999999936,-0.00046137669695423987,0.0004208613050920117,-5.669171003074161e-07,24.16681,47643.052837573385,54.05048,13636.981132075472,76.13272,6800.446927374302
254,13714.04282115869,53.8273,53.82729999999998,-0.0005041161530721983,0.0004274912709010311,-5.898615883844421e-07,24.16681,47643.052837573385,53.8273,13714.04282115869,76.13272,6800.446927374302
255,13714.04282115869,53.8273,53.82729999999998,-0.0005041161530721983,0.0004274912709010311,-5.898615883844421e-07,24.16681,47643.052837573385,53.8273,13714.04282115869,76.13272,6800.446927374302
256,13714.04282115869,53.8273,53.82729999999998,-0.0005041161530721983,0.0004274912709010311,-5.898615883844421e-07,24.16681,47643.052837573385,53.8273,13714.04282115869,76.13272,6800.446927374302
257,13714.04282115869,53.62085,53.62085000000002,-0.000645601658525609,0.0004494392353542757,-6.658174565168818e-07,24.16681,47643.052837573385,53.62085,13714.04282115869,76.13272,6800.446927374302
258,13714.04282115869,53.62085,53.62085000000002,-0.000645601658525609,0.0004494392353542757,-6.658174565168818e-07,24.16681,47643.052837573385,53.62085,13714.04282115869,76.13272,6800.446927374302
259,13714.04282115869,53.62085,53.62085000000002,-0.000645601658525609,0.0004494392353542757,-6.658174565168818e-07,24.16681,47643.052837573385,53.62085,13714.04282115869,76.13272,6800.446927374302
260,13791.298865069357,53.44525,53.44524999999993,-0.0006557806496173841,0.00045101825317618073,-6.712820028858576e-07,24.16681,47643.052837573385,53.44525,13791.298865069357,76.13272,6800.446927374302
261,13791.298865069357,53.44525,53.44524999999993,-0.0006557806496173841,0.00045101825317618073,-6.712820028858576e-07,24.16681,47643.052837573385,53.44525,13791.298865069357,76.13272,6800.446927374302
262,13791.298865069357,53.3063,53.30630000000008,-0.0007508623802119857,0.0004657678237173868,-7.223262096242344e-07,24.16681,47643.052837573385,53.3063,13791.298865069357,76.13272,6800.446927374302
263,13791.298865069357,53.3063,53.30630000000008,-0.0007508623802119857,0.0004657678237173868,-7.223262096242344e-07,24.16681,47643.052837573385,53.3063,13791.298865069357,76.13272,6800.446927374302
264,13868.75,53.18631,53.18631000000005,-0.000723318152925625,0.00046149502051089715,-7.075392129713391e-07,24.16681,47643.052837573385,53.18631,13868.75,76.13272,6800.446927374302
265,13868.75,53.18631,53.18631000000005,-0.000723318152925625,0.00046149502051089715,-7.075392129713391e-07,24.16681,47643.052837573385,53.18631,13868.75,76.13272,6800.446927374302
266,13946.396965865992,53.18631,53.02686126447759,-0.000723318152925625,0.00046149502051089715,-7.075392129713391e-07,24.16681,47643.052837573385,53.18631,13868.75,76.13272,6800.446927374302
267,13946.396965865992,53.07309,53.07308999999998,-0.0006918427698267768,0.0004566123960527102,-6.906417926991169e-07,24.16681,47643.052837573385,53.07309,13946.396965865992,76.13272,6800.446927374302
268,13946.396965865992,53.07309,53.07308999999998,-0.0006918427698267768,0.0004566123960527102,-6.906417926991169e-07,24.16681,47643.052837573385,53.07309,13946.396965865992,76.13272,6800.446927374302
269,13946.396965865992,53.07309,53.07308999999998,-0.0006918427698267768,0.0004566123960527102,-6.906417926991169e-07,24.16681,47643.052837573385,53.07309,13946.396965865992,76.13272,6800.446927374302
270,13946.396965865992,53.07309,53.07308999999998,-0.0006918427698267768,0.0004566123960527102,-6.906417926991169e-07,24.16681,47643.052837573385,53.07309,13946.396965865992,76.13272,6800.446927374302
271,14024.240506329113,52.94818,52.94817999999998,-0.0006689893820425348,0.0004530672601667596,-6.783730524959661e-07,24.16681,47643.052837573385,52.94818,14024.240506329113,76.13272,6800.446927374302
272,14024.240506329113,52.94818,52.94817999999998,-0.0006689893820425348,0.0004530672601667596,-6.783730524959661e-07,24.16681,47643.052837573385,52.94818,14024.240506329113,76.13272,6800.446927374302
273,14024.240506329113,52.80539,52.80538999999999,-0.0007659855607577036,0.00046811380981662514,-7.304450222445977e-07,24.16681,47643.052837573385,52.80539,14024.240506329113,76.13272,6800.446927374302
274,14102.281368821294,52.80539,52.64733539035831,-0.0007659855607577036,0.00046811380981662514,-7.304450222445977e-07,24.16681,47643.052837573385,52.80539,14024.240506329113,76.13272,6800.446927374302
275,14102.281368821294,52.80539,52.64733539035831,-0.0007659855607577036,0.00046811380981662514,-7.304450222445977e-07,24.16681,47643.052837573385,52.80539,14024.240506329113,76.13272,6800.446927374302
276,14102.281368821294,52.68469,52.68468999999993,-0.0007406612166384833,0.0004641853663852704,-7.168497600564628e-07,24.16681,47643.052837573385,52.68469,14102.281368821294,76.13272,6800.446927374302
277,14180.520304568528,52.68469,52.52748169879493,-0.0007406612166384833,0.0004641853663852704,-7.168497600564628e-07,24.16681,47643.052837573385,52.68469,14102.281368821294,76.13272,6800.446927374302
278,14180.520304568528,52.68469,52.52748169879493,-0.0007406612166384833,0.0004641853663852704,-7.168497600564628e-07,24.16681,47643.052837573385,52.68469,14102.281368821294,76.13272,6800.446927374302
279,14180.520304568528,52.53073,52.530730000000005,-0.0007384642213118763,0.0004638445570905104,-7.156703128277119e-07,24.16681,47643.052837573385,52.53073,14180.520304568528,76.13272,6800.446927374302
280,14416.433121019109,52.11459,52.11459000000008,-0.0007042024657210322,0.000458529696098893,-6.972770408009812e-07,24.16681,47643.052837573385,52.11459,14416.433121019109,76.13272,6800.446927374302
281,14733.802816901409,51.53632,51.536320000000046,-0.0006815198812672261,0.00045501105611026337,-6.850999956106984e-07,24.16681,47643.052837573385,51.53632,14733.802816901409,76.13272,6800.446927374302
282,15054.440154440155,50.91815,50.918150000000026,-0.0006929743306951794,0.0004567879296357213,-6.912492661489854e-07,24.16681,47643.052837573385,50.91815,15054.440154440155,76.13272,6800.446927374302
283,15216.0,50.50421,50.50421000000006,-0.0007707122534877939,0.0004688470388755947,-7.329825263412808e-07,24.16681,47643.052837573385,50.50421,15216.0,76.13272,6800.446927374302
284,15297.093023255815,50.39282,50.392820000000086,-0.0007469251456913096,0.0004651570595049895,-7.202125226772885e-07,24.16681,47643.052837573385,50.39282,15297.093023255815,76.13272,6800.446927374302
285,15378.395860284605,50.23169,50.23168999999996,-0.0007564692580669177,0.00046663759165198456,-7.253362372141219e-07,24.16681,47643.052837573385,50.23169,15378.395860284605,76.13272,6800.446927374302
286,15459.909326424871,50.23169,50.085650511830465,-0.0007564692580669177,0.00046663759165198456,-7.253362372141219e-07,24.16681,47643.052837573385,50.23169,15378.395860284605,76.13272,6800.446927374302
287,15541.634241245136,50.06247,49.940256447741774,-0.0007564692580669177,0.00046663759165198456,-7.253362372141219e-07,24.16681,47643.052837573385,50.23169,15378.395860284605,76.13272,6800.446927374302
288,18722.00272479564,45.1105,44.96483902892163,-0.0007564692580669177,0.00046663759165198456,-7.253362372141219e-07,24.16681,47643.052837573385,50.23169,15378.395860284605,76.13272,6800.446927374302
289,20293.305439330543,42.60782,42.90410769426893,-0.0007564692580669177,0.00046663759165198456,-7.253362372141219e-07,24.16681,47643.052837573385,50.23169,15378.395860284605,76.13272,6800.446927374302
290,20769.733146067414,41.33603,42.320840647657974,-0.0007564692580669177,0.00046663759165198456,-7.253362372141219e-07,24.16681,47643.052837573385,50.23169,15378.395860284605,76.13272,6800.446927374302
291,20769.733146067414,41.29492,42.320840647657974,-0.0007564692580669177,0.00046663759165198456,-7.253362372141219e-07,24.16681,47643.052837573385,50.23169,15378.395860284605,76.13272,6800.446927374302
292,20769.733146067414,41.29483,42.320840647657974,-0.0007564692580669177,0.00046663759165198456,-7.253362372141219e-07,24.16681,47643.052837573385,50.23169,15378.395860284605,76.13272,6800.446927374302
293,20865.822784810127,41.29483,42.205358108577116,-0.0007564692580669177,0.00046663759165198456,-7.253362372141219e-07,24.16681,47643.052837573385,50.23169,15378.395860284605,76.13272,6800.446927374302
294,20865.822784810127,41.29483,42.205358108577116,-0.0007564692580669177,0.00046663759165198456,-7.253362372141219e-07,24.16681,47643.052837573385,50.23169,15378.395860284605,76.13272,6800.446927374302
295,20962.183098591548,41.29492,42.0902587834434,-0.0007564692580669177,0.00046663759165198456,-7.253362372141219e-07,24.16681,47643.052837573385,50.23169,15378.395860284605,76.13272,6800.446927374302
296,20962.183098591548,41.29492,42.0902587834434,-0.0007564692580669177,0.00046663759165198456,-7.253362372141219e-07,24.16681,47643.052837573385,50.23169,15378.395860284605,76.13272,6800.446927374302
297,20962.183098591548,41.29483,42.0902587834434,-0.0007564692580669177,0.00046663759165198456,-7.253362372141219e-07,24.16681,47643.052837573385,50.23169,15378.395860284605,76.13272,6800.446927374302
298,21058.815232722143,41.29483,41.97553970265875,-0.0007564692580669177,0.00046663759165198456,-7.253362372141219e-07,24.16681,47643.052837573385,50.23169,15378.395860284605,76.13272,6800.446927374302
299,21155.72033898305,41.29483,41.86119792735457,-0.0007564692580669177,0.00046663759165198456,-7.253362372141219e-07,24.16681,47643.052837573385,50.23169,15378.395860284605,76.13272,6800.446927374302
300,21252.899575671854,41.27692,41.74723054896782,-0.0007564692580669177,0.00046663759165198456,-7.253362372141219e-07,24.16681,47643.052837573385,50.23169,15378.395860284605,76.13272,6800.446927374302
301,21350.354107648724,41.27692,41.633634688823804,-0.0007564692580669177,0.00046663759165198456,-7.253362372141219e-07,24.16681,47643.052837573385,50.23169,15378.395860284605,76.13272,6800.446927374302
302,21546.09375,41.27692,41.407546155554996,-0.0007564692580669177,0.00046663759165198456,-7.253362372141219e-07,24.16681,47643.052837573385,50.23169,15378.395860284605,76.13272,6800.446927374302
303,21742.94871794872,40.95334,41.18290988051115,-0.0007564692580669177,0.00046663759165198456,-7.253362372141219e-07,24.16681,47643.052837573385,50.23169,15378.395860284605,76.13272,6800.446927374302
304,21940.928571428572,40.95334,40.95970386933146,-0.0007564692580669177,0.00046663759165198456,-7.253362372141219e-07,24.16681,47643.052837573385,50.23169,15378.395860284605,76.13272,6800.446927374302
305,22140.042979942693,40.95334,40.73790656816266,-0.0007564692580669177,0.00046663759165198456,-7.253362372141219e-07,24.16681,47643.052837573385,50.23169,15378.395860284605,76.13272,6800.446927374302
306,22340.30172413793,40.58466,40.51749685188577,-0.0007564692580669177,0.00046663759165198456,-7.253362372141219e-07,24.16681,47643.052837573385,50.23169,15378.395860284605,76.13272,6800.446927374302
307,22642.85714285714,40.58466,40.189438812284266,-0.0007564692580669177,0.00046663759165198456,-7.253362372141219e-07,24.16681,47643.052837573385,50.23169,15378.395860284605,76.13272,6800.446927374302
308,22846.02026049204,40.58466,39.97240834762539,-0.0007564692580669177,0.00046663759165198456,-7.253362372141219e-07,24.16681,47643.052837573385,50.23169,15378.395860284605,76.13272,6800.446927374302
309,23050.362844702468,40.23434,39.7566947450552,-0.0007564692580669177,0.00046663759165198456,-7.253362372141219e-07,24.16681,47643.052837573385,50.23169,15378.395860284605,76.13272,6800.446927374302
310,23255.89519650655,40.23434,39.5422786729805,-0.0007564692580669177,0.00046663759165198456,-7.253362372141219e-07,24.16681,47643.052837573385,50.23169,15378.395860284605,76.13272,6800.446927374302
311,23359.110787172012,40.23434,39.43555127130901,-0.0007564692580669177,0.00046663759165198456,-7.253362372141219e-07,24.16681,47643.052837573385,50.23169,15378.395860284605,76.13272,6800.446927374302
312,24090.132547864505,39.65683,38.697215824728175,-0.0007564692580669177,0.00046663759165198456,-7.253362372141219e-07,24.16681,47643.052837573385,50.23169,15378.395860284605,76.13272,6800.446927374302
313,24728.826151560177,39.23776,38.076148617331,-0.0007564692580669177,0.00046663759165198456,-7.253362372141219e-07,24.16681,47643.052837573385,50.23169,15378.395860284605,76.13272,6800.446927374302
314,25052.462686567163,39.23776,37.76954293437461,-0.0007564692580669177,0.00046663759165198456,-7.253362372141219e-07,24.16681,47643.052837573385,50.23169,15378.395860284605,76.13272,6800.446927374302
315,25379.010494752623,38.73709,37.465482256678456,-0.0007564692580669177,0.00046663759165198456,-7.253362372141219e-07,24.16681,47643.052837573385,50.23169,15378.395860284605,76.13272,6800.446927374302
316,26152.5,38.03543,36.765607541859936,-0.0007564692580669177,0.00046663759165198456,-7.253362372141219e-07,24.16681,47643.052837573385,50.23169,15378.395860284605,76.13272,6800.446927374302
317,26376.519756838905,37.83279,36.56804377828104,-0.0007564692580669177,0.00046663759165198456,-7.253362372141219e-07,24.16681,47643.052837573385,50.23169,15378.395860284605,76.13272,6800.446927374302
318,26489.04109589041,37.83279,36.46965276925516,-0.0007564692580669177,0.00046663759165198456,-7.253362372141219e-07,24.16681,47643.052837573385,50.23169,15378.395860284605,76.13272,6800.446927374302
319,26942.572741194486,37.52399,36.07865291256786,-0.0007564692580669177,0.00046663759165198456,-7.253362372141219e-07,24.16681,47643.052837573385,50.23169,15378.395860284605,76.13272,6800.446927374302
320,27286.384615384617,37.2337,35.78804650908967,-0.0007564692580669177,0.00046663759165198456,-7.253362372141219e-07,24.16681,47643.052837573385,50.23169,15378.395860284605,76.13272,6800.446927374302
321,27749.767801857586,37.2337,35.40400857913835,-0.0007564692580669177,0.00046663759165198456,-7.253362372141219e-07,24.16681,47643.052837573385,50.23169,15378.395860284605,76.13272,6800.446927374302
322,28101.088646967342,36.21826,35.11850025604707,-0.0007564692580669177,0.00046663759165198456,-7.253362372141219e-07,24.16681,47643.052837573385,50.23169,15378.395860284605,76.13272,6800.446927374302
323,28337.12948517941,36.21826,34.929337265097786,-0.0007564692580669177,0.00046663759165198456,-7.253362372141219e-07,24.16681,47643.052837573385,50.23169,15378.395860284605,76.13272,6800.446927374302
324,28574.647887323943,35.06589,34.741100289603025,-0.0007564692580669177,0.00046663759165198456,-7.253362372141219e-07,24.16681,47643.052837573385,50.23169,15378.395860284605,76.13272,6800.446927374302
325,28933.72641509434,35.06589,34.460454109458055,-0.0007564692580669177,0.00046663759165198456,-7.253362372141219e-07,24.16681,47643.052837573385,50.23169,15378.395860284605,76.13272,6800.446927374302
326,29296.20853080569,34.20633,34.181822793827735,-0.0007564692580669177,0.00046663759165198456,-7.253362372141219e-07,24.16681,47643.052837573385,50.23169,15378.395860284605,76.13272,6800.446927374302
327,29662.14285714286,34.20633,33.90516643124988,-0.0007564692580669177,0.00046663759165198456,-7.253362372141219e-07,24.16681,47643.052837573385,50.23169,15378.395860284605,76.13272,6800.446927374302
328,29784.89666136725,34.20633,33.81337976120801,-0.0007564692580669177,0.00046663759165198456,-7.253362372141219e-07,24.16681,47643.052837573385,50.23169,15378.395860284605,76.13272,6800.446927374302
329,29908.041401273884,33.06152,33.72180677353492,-0.0007564692580669177,0.00046663759165198456,-7.253362372141219e-07,24.16681,47643.052837573385,50.23169,15378.395860284605,76.13272,6800.446927374302
330,30031.57894736842,33.06152,33.63044605927553,-0.0007564692580669177,0.00046663759165198456,-7.253362372141219e-07,24.16681,47643.052837573385,50.23169,15378.395860284605,76.13272,6800.446927374302
331,30279.84,32.58109,33.4483558704016,-0.0007564692580669177,0.00046663759165198456,-7.253362372141219e-07,24.16681,47643.052837573385,50.23169,15378.395860284605,76.13272,6800.446927374302
332,30529.695024077046,32.58109,33.26709814212069,-0.0007564692580669177,0.00046663759165198456,-7.253362372141219e-07,24.16681,47643.052837573385,50.23169,15378.395860284605,76.13272,6800.446927374302
333,30781.159420289856,32.58109,33.08666199322988,-0.0007564692580669177,0.00046663759165198456,-7.253362372141219e-07,24.16681,47643.052837573385,50.23169,15378.395860284605,76.13272,6800.446927374302
334,31034.248788368335,31.8634,32.90703671000671,-0.0007564692580669177,0.00046663759165198456,-7.253362372141219e-07,24.16681,47643.052837573385,50.23169,15378.395860284605,76.13272,6800.446927374302
335,31161.40776699029,31.8634,32.81752483986912,-0.0007564692580669177,0.00046663759165198456,-7.253362372141219e-07,24.16681,47643.052837573385,50.23169,15378.395860284605,76.13272,6800.446927374302
336,31288.97893030794,31.2247,32.728211742525275,-0.0007564692580669177,0.00046663759165198456,-7.253362372141219e-07,24.16681,47643.052837573385,50.23169,15378.395860284605,76.13272,6800.446927374302
337,31545.365853658535,31.54486,32.55017670106639,-0.0007564692580669177,0.00046663759165198456,-7.253362372141219e-07,24.16681,47643.052837573385,50.23169,15378.395860284605,76.13272,6800.446927374302
338,31545.365853658535,31.65143,32.55017670106639,-0.0007564692580669177,0.00046663759165198456,-7.253362372141219e-07,24.16681,47643.052837573385,50.23169,15378.395860284605,76.13272,6800.446927374302
339,31674.185667752445,31.65143,32.46145219875257,-0.0007564692580669177,0.00046663759165198456,-7.253362372141219e-07,24.16681,47643.052837573385,50.23169,15378.395860284605,76.13272,6800.446927374302
340,32063.17512274959,31.61856,32.19643561748097,-0.0007564692580669177,0.00046663759165198456,-7.253362372141219e-07,24.16681,47643.052837573385,50.23169,15378.395860284605,76.13272,6800.446927374302
341,32193.688524590165,31.57654,32.108478246090385,-0.0007564692580669177,0.00046663759165198456,-7.253362372141219e-07,24.16681,47643.052837573385,50.23169,15378.395860284605,76.13272,6800.446927374302
342,32324.63054187192,31.57654,32.02070956591649,-0.0007564692580669177,0.00046663759165198456,-7.253362372141219e-07,24.16681,47643.052837573385,50.23169,15378.395860284605,76.13272,6800.446927374302
343,32456.003289473683,31.57654,31.933128358645888,-0.0007564692580669177,0.00046663759165198456,-7.253362372141219e-07,24.16681,47643.052837573385,50.23169,15378.395860284605,76.13272,6800.446927374302
344,32720.049504950493,31.37045,31.758523534331232,-0.0007564692580669177,0.00046663759165198456,-7.253362372141219e-07,24.16681,47643.052837573385,50.23169,15378.395860284605,76.13272,6800.446927374302
345,32720.049504950493,31.37045,31.758523534331232,-0.0007564692580669177,0.00046663759165198456,-7.253362372141219e-07,24.16681,47643.052837573385,50.23169,15378.395860284605,76.13272,6800.446927374302
346,32852.72727272727,31.37045,31.671497525141035,-0.0007564692580669177,0.00046663759165198456,-7.253362372141219e-07,24.16681,47643.052837573385,50.23169,15378.395860284605,76.13272,6800.446927374302
347,33119.40298507463,31.10953,31.497992397620806,-0.0007564692580669177,0.00046663759165198456,-7.253362372141219e-07,24.16681,47643.052837573385,50.23169,15378.395860284605,76.13272,6800.446927374302
348,33253.40531561462,31.10953,31.411510938986055,-0.0007564692580669177,0.00046663759165198456,-7.253362372141219e-07,24.16681,47643.052837573385,50.23169,15378.395860284605,76.13272,6800.446927374302
349,33387.85357737105,31.00458,31.325208670975996,-0.0007564692580669177,0.00046663759165198456,-7.253362372141219e-07,24.16681,47643.052837573385,50.23169,15378.395860284605,76.13272,6800.446927374302
350,33522.75,31.00458,31.239084444419234,-0.0007564692580669177,0.00046663759165198456,-7.253362372141219e-07,24.16681,47643.052837573385,50.23169,15378.395860284605,76.13272,6800.446927374302
351,34204.033613445376,31.24545,30.811094283774707,-0.0007564692580669177,0.00046663759165198456,-7.253362372141219e-07,24.16681,47643.052837573385,50.23169,15378.395860284605,76.13272,6800.446927374302
352,34618.3277027027,30.9389,30.556364900156268,-0.0007564692580669177,0.00046663759165198456,-7.253362372141219e-07,24.16681,47643.052837573385,50.23169,15378.395860284605,76.13272,6800.446927374302
353,34757.36040609137,30.66525,30.471792663749113,-0.0007564692580669177,0.00046663759165198456,-7.253362372141219e-07,24.16681,47643.052837573385,50.23169,15378.395860284605,76.13272,6800.446927374302
354,34896.86440677966,30.66525,30.38738741570404,-0.0007564692580669177,0.00046663759165198456,-7.253362372141219e-07,24.16681,47643.052837573385,50.23169,15378.395860284605,76.13272,6800.446927374302
355,35036.84210526316,30.48416,30.30314809274796,-0.0007564692580669177,0.00046663759165198456,-7.253362372141219e-07,24.16681,47643.052837573385,50.23169,15378.395860284605,76.13272,6800.446927374302
356,35459.64163822526,29.81512,30.05141515107863,-0.0007564692580669177,0.00046663759165198456,-7.253362372141219e-07,24.16681,47643.052837573385,50.23169,15378.395860284605,76.13272,6800.446927374302
357,35601.53846153846,29.81512,29.96782904107573,-0.0007564692580669177,0.00046663759165198456,-7.253362372141219e-07,24.16681,47643.052837573385,50.23169,15378.395860284605,76.13272,6800.446927374302
358,35601.53846153846,29.81512,29.96782904107573,-0.0007564692580669177,0.00046663759165198456,-7.253362372141219e-07,24.16681,47643.052837573385,50.23169,15378.395860284605,76.13272,6800.446927374302
359,35743.92123287671,29.5925,29.884403648130444,-0.0007564692580669177,0.00046663759165198456,-7.253362372141219e-07,24.16681,47643.052837573385,50.23169,15378.395860284605,76.13272,6800.446927374302
360,35886.79245283019,29.5925,29.801137951778742,-0.0007564692580669177,0.00046663759165198456,-7.253362372141219e-07,24.16681,47643.052837573385,50.23169,15378.395860284605,76.13272,6800.446927374302
361,36030.154639175256,29.46674,29.718030938433287,-0.0007564692580669177,0.00046663759165198456,-7.253362372141219e-07,24.16681,47643.052837573385,50.23169,15378.395860284605,76.13272,6800.446927374302
362,36030.154639175256,29.46674,29.718030938433287,-0.0007564692580669177,0.00046663759165198456,-7.253362372141219e-07,24.16681,47643.052837573385,50.23169,15378.395860284605,76.13272,6800.446927374302
363,36174.01032702238,29.27386,29.635081601311697,-0.0007564692580669177,0.00046663759165198456,-7.253362372141219e-07,24.16681,47643.052837573385,50.23169,15378.395860284605,76.13272,6800.446927374302
364,36463.21243523316,29.05734,29.46965196221339,-0.0007564692580669177,0.00046663759165198456,-7.253362372141219e-07,24.16681,47643.052837573385,50.23169,15378.395860284605,76.13272,6800.446927374302
365,36754.419410745235,29.04913,29.304841113663485,-0.0007564692580669177,0.00046663759165198456,-7.253362372141219e-07,24.16681,47643.052837573385,50.23169,15378.395860284605,76.13272,6800.446927374302
366,37047.65217391304,28.71042,29.14064123928472,-0.0007564692580669177,0.00046663759165198456,-7.253362372141219e-07,24.16681,47643.052837573385,50.23169,15378.395860284605,76.13272,6800.446927374302
367,37342.931937172776,28.32275,28.977044624996665,-0.0007564692580669177,0.00046663759165198456,-7.253362372141219e-07,24.16681,47643.052837573385,50.23169,15378.395860284605,76.13272,6800.446927374302
368,37491.346153846156,28.32104,28.895470157191028,-0.0007564692580669177,0.00046663759165198456,-7.253362372141219e-07,24.16681,47643.052837573385,50.23169,15378.395860284605,76.13272,6800.446927374302
369,37491.346153846156,28.32104,28.895470157191028,-0.0007564692580669177,0.00046663759165198456,-7.253362372141219e-07,24.16681,47643.052837573385,50.23169,15378.395860284605,76.13272,6800.446927374302
370,37640.280210157616,28.10757,28.814043656917534,-0.0007564692580669177,0.00046663759165198456,-7.253362372141219e-07,24.16681,47643.052837573385,50.23169,15378.395860284605,76.13272,6800.446927374302
371,37789.73684210526,28.10757,28.732764187760722,-0.0007564692580669177,0.00046663759165198456,-7.253362372141219e-07,24.16681,47643.052837573385,50.23169,15378.395860284605,76.13272,6800.446927374302
372,38241.269841269845,28.46823,28.489798692591535,-0.0007564692580669177,0.00046663759165198456,-7.253362372141219e-07,24.16681,47643.052837573385,50.23169,15378.395860284605,76.13272,6800.446927374302
373,38241.269841269845,28.46823,28.489798692591535,-0.0007564692580669177,0.00046663759165198456,-7.253362372141219e-07,24.16681,47643.052837573385,50.23169,15378.395860284605,76.13272,6800.446927374302
374,38241.269841269845,28.53598,28.489798692591535,-0.0007564692580669177,0.00046663759165198456,-7.253362372141219e-07,24.16681,47643.052837573385,50.23169,15378.395860284605,76.13272,6800.446927374302
375,38241.269841269845,28.53598,28.489798692591535,-0.0007564692580669177,0.00046663759165198456,-7.253362372141219e-07,24.16681,47643.052837573385,50.23169,15378.395860284605,76.13272,6800.446927374302
376,38241.269841269845,28.53598,28.489798692591535,-0.0007564692580669177,0.00046663759165198456,-7.253362372141219e-07,24.16681,47643.052837573385,50.23169,15378.395860284605,76.13272,6800.446927374302
377,38241.269841269845,28.54675,28.489798692591535,-0.0007564692580669177,0.00046663759165198456,-7.253362372141219e-07,24.16681,47643.052837573385,50.23169,15378.395860284605,76.13272,6800.446927374302
378,38544.95575221239,28.54413,28.32853995134292,-0.0007564692580669177,0.00046663759165198456,-7.253362372141219e-07,24.16681,47643.052837573385,50.23169,15378.395860284605,76.13272,6800.446927374302
379,38544.95575221239,28.54599,28.32853995134292,-0.0007564692580669177,0.00046663759165198456,-7.253362372141219e-07,24.16681,47643.052837573385,50.23169,15378.395860284605,76.13272,6800.446927374302
380,38544.95575221239,28.54611,28.32853995134292,-0.0007564692580669177,0.00046663759165198456,-7.253362372141219e-07,24.16681,47643.052837573385,50.23169,15378.395860284605,76.13272,6800.446927374302
381,38544.95575221239,28.31403,28.32853995134292,-0.0007564692580669177,0.00046663759165198456,-7.253362372141219e-07,24.16681,47643.052837573385,50.23169,15378.395860284605,76.13272,6800.446927374302
382,38697.60638297872,28.31403,28.24812333636055,-0.0007564692580669177,0.00046663759165198456,-7.253362372141219e-07,24.16681,47643.052837573385,50.23169,15378.395860284605,76.13272,6800.446927374302
383,38850.79928952043,28.10449,28.167847362421924,-0.0007564692580669177,0.00046663759165198456,-7.253362372141219e-07,24.16681,47643.052837573385,50.23169,15378.395860284605,76.13272,6800.446927374302
